{
    "query": {
        "type": "process",
        "created_period": "last30days"
    },
    "filter": {
        "operator": "and",
        "conditions": [
            {
                "field": "active",
                "match_type": 8
            },
            {
                "field": "due_date",
                "match_type": 13
            }
        ]
    },
    "result": [
        {
            "field": "proc_def_key"
        },
        {
            "field": "id",
            "func": "count",
            "alias": "count"
        }
    ],
    "result_filter": {
        "operator": "and"
    },
    "computed_fields": []
}