{
    "query": {
        "type": "process",
        "created_period": "last7days"
    },
    "filter": {
        "operator": "and"
    },
    "result": [
        {
            "field": "proc_def_key"
        },
        {
            "field": "id",
            "func": "count",
            "alias": "count"
        },
        {
            "field": "created_at",
            "func": "day_slot",
            "alias": "created_day"
        }
    ],
    "result_filter": {
        "operator": "and"
    },
    "computed_fields": []
}